MedInc,HouseAge,AveRooms,AveBedrms,Population,AveOccup,Latitude,Longitude,target
4.7788,31.0,6.422932330827067,1.0018796992481203,1245.0,2.3402255639097747,32.79,-117.2,2.76
5.7621,9.0,6.490666666666667,0.984,2036.0,2.7146666666666666,38.5,-121.55,2.046
4.4063,13.0,16.05701754385965,3.3771929824561404,567.0,2.486842105263158,34.27,-116.89,1.526
5.6738,34.0,6.589812332439679,1.160857908847185,1034.0,2.772117962466488,34.17,-118.54,4.436
4.9867,7.0,4.826747720364741,1.0562310030395137,3223.0,2.4490881458966567,37.51,-122.0,1.817
5.5696,17.0,5.984375,0.9479166666666666,702.0,3.65625,33.15,-117.14,1.684
4.0256,28.0,5.967880085653105,1.0492505353319057,1684.0,3.605995717344754,33.94,-117.49,1.271
4.9394,31.0,5.861985472154964,0.9418886198547215,1348.0,3.263922518159806,33.83,-117.95,2.178
5.6177,21.0,6.888586956521739,1.0407608695652173,1012.0,2.75,34.71,-120.47,1.838
4.976,3.0,6.57201646090535,1.0345679012345679,3664.0,3.0156378600823044,38.33,-121.96,1.583
3.8668,45.0,5.460949464012251,1.0735068912710566,1601.0,2.451761102603369,34.18,-118.34,2.32
1.3532,14.0,5.5597189695550355,1.3044496487119437,723.0,1.693208430913349,39.03,-122.91,0.958
1.7463,36.0,3.4244897959183676,1.0204081632653061,1079.0,4.404081632653061,34.07,-118.22,1.583
5.2099,45.0,5.686274509803922,1.0163398692810457,788.0,2.5751633986928106,34.03,-118.43,3.736
3.7562,48.0,5.8504901960784315,1.0392156862745099,1041.0,2.551470588235294,37.75,-122.49,3.212
2.5893,8.0,28.615384615384617,5.487179487179487,27.0,0.6923076923076923,39.75,-121.0,0.83
2.53,45.0,4.864583333333333,1.1875,893.0,4.651041666666667,34.06,-118.18,1.403
4.2813,45.0,4.209606986899563,0.9890829694323144,1323.0,2.888646288209607,33.89,-118.32,2.101
3.5417,16.0,5.311643835616438,0.928082191780822,1010.0,3.458904109589041,36.79,-119.68,0.713
1.7566,25.0,5.093117408906883,1.0991902834008098,1266.0,2.562753036437247,40.03,-122.1,0.584
2.7587,52.0,4.1756885090218425,1.0598290598290598,1939.0,1.8414055080721747,37.77,-122.43,3.545
4.0221,16.0,4.6767676767676765,1.1616161616161615,451.0,2.2777777777777777,38.01,-121.36,1.733
0.9365,28.0,3.043887147335423,1.134796238244514,1618.0,2.5360501567398117,37.96,-121.28,0.525
2.1199,34.0,3.2557840616966582,1.1079691516709511,2011.0,2.5848329048843186,32.72,-117.14,1.604
5.033,36.0,5.332432432432433,0.9513513513513514,1169.0,3.1594594594594594,37.57,-122.3,2.709
3.4821,34.0,4.757188498402556,1.0415335463258786,1389.0,4.437699680511182,34.29,-118.42,1.603
3.2159,23.0,5.576923076923077,1.0739644970414202,1056.0,3.1242603550295858,36.4,-119.1,0.928
3.4103,26.0,6.252669039145908,1.0818505338078293,905.0,3.2206405693950177,34.11,-117.21,0.909
3.8304,52.0,5.395437262357414,1.0779467680608366,1411.0,2.682509505703422,37.73,-122.44,2.614
5.1993,36.0,5.219512195121951,0.8902439024390244,451.0,2.75,33.81,-118.1,2.46
1.5729,36.0,4.553956834532374,1.064748201438849,557.0,4.0071942446043165,32.7,-117.14,0.827
3.0225,30.0,3.801857585139319,1.108359133126935,1603.0,4.962848297213622,34.01,-118.17,1.308
15.0001,36.0,9.368263473053892,1.1736526946107784,862.0,2.5808383233532934,34.09,-118.44,5.00001
1.867,23.0,4.701587301587302,1.0888888888888888,1079.0,3.425396825396825,38.64,-121.45,0.606
2.6051,45.0,3.9614512471655328,1.0975056689342404,1680.0,3.8095238095238093,34.09,-118.23,1.555
5.5,33.0,6.225563909774436,0.924812030075188,373.0,2.8045112781954886,37.68,-121.01,1.462
4.233,34.0,4.9943609022556394,0.9680451127819549,1948.0,3.661654135338346,34.32,-118.43,1.574
8.1548,52.0,7.868421052631579,1.2105263157894737,459.0,2.4157894736842107,32.75,-117.19,5.00001
3.4519,36.0,4.463302752293578,1.0137614678899083,1086.0,4.981651376146789,34.26,-118.42,1.433
3.6597,29.0,6.140319715808171,1.241563055062167,1327.0,2.3570159857904085,36.95,-121.92,2.523
4.4347,14.0,6.0914512922465205,0.9860834990059643,1681.0,3.341948310139165,32.86,-116.96,1.603
3.2757,24.0,4.708226221079691,1.06426735218509,2718.0,3.493573264781491,34.35,-119.08,1.86
6.3794,35.0,6.8277153558052435,1.0337078651685394,1409.0,2.6385767790262173,34.2,-118.21,5.00001
3.4539,35.0,6.739130434782608,1.2687747035573123,708.0,2.7984189723320156,38.67,-122.52,3.0
3.4028,33.0,3.9106382978723406,0.8851063829787233,724.0,3.0808510638297872,33.93,-117.47,1.105
3.0817,20.0,5.437037037037037,1.048148148148148,721.0,2.6703703703703705,37.25,-118.45,1.188
1.5089,47.0,3.9046153846153846,0.9938461538461538,1628.0,5.009230769230769,34.01,-118.26,1.158
4.636,33.0,5.660332541567696,1.0166270783847982,1269.0,3.014251781472684,34.13,-117.86,2.455
3.6791,37.0,4.389204545454546,0.96875,1909.0,5.423295454545454,34.25,-118.42,1.481
3.5568,52.0,6.090909090909091,1.2818181818181817,268.0,2.4363636363636365,34.15,-118.09,2.05
2.56,34.0,2.761648745519713,1.0465949820788532,1564.0,2.802867383512545,37.48,-122.22,2.5
3.8967,12.0,5.967171717171717,1.0303030303030303,1211.0,3.058080808080808,33.14,-117.12,1.726
3.5272,36.0,5.09556313993174,1.0784982935153584,989.0,3.3754266211604094,34.03,-118.11,2.137
4.087,23.0,5.641176470588236,0.9970588235294118,1392.0,4.094117647058823,32.58,-117.05,1.348
3.2875,6.0,8.00625,1.53125,422.0,2.6375,38.04,-120.3,1.113
2.3375,26.0,2.847297297297297,1.022972972972973,2660.0,3.5945945945945947,34.07,-118.3,2.823
3.8125,38.0,5.758720930232558,0.997093023255814,796.0,2.313953488372093,34.15,-117.28,0.974
3.94,31.0,5.0903846153846155,1.0365384615384616,1473.0,2.832692307692308,34.1,-118.03,2.239
5.3081,12.0,3.686580882352941,1.3216911764705883,1673.0,1.5376838235294117,34.06,-118.25,2.875
15.0001,26.0,12.5,1.25,17.0,4.25,37.13,-121.96,4.0
5.3339,19.0,6.466230936819172,1.0958605664488017,1430.0,3.1154684095860565,33.88,-117.81,3.717
1.8828,38.0,4.7525,1.1325,1613.0,4.0325,36.21,-119.09,0.446
3.0788,44.0,4.594366197183098,0.952112676056338,1197.0,3.371830985915493,33.94,-118.28,1.0
1.7552,24.0,4.418502202643172,1.105726872246696,1098.0,4.8370044052863435,39.35,-121.65,0.864
2.8906,43.0,5.545454545454546,1.2424242424242424,534.0,2.311688311688312,36.13,-118.82,0.657
3.1215,36.0,3.8563218390804597,1.0459770114942528,1659.0,3.17816091954023,33.86,-118.19,1.536
2.2188,52.0,3.6040100250626566,1.1829573934837092,1018.0,2.5513784461152884,33.74,-118.29,3.067
6.1426,17.0,6.304964539007092,0.9290780141843972,439.0,3.1134751773049647,34.23,-117.41,1.55
1.4886,35.0,3.3049645390070923,1.0425531914893618,1153.0,4.088652482269503,33.99,-118.27,1.0
5.0447,36.0,5.953020134228188,1.0033557046979866,784.0,2.6308724832214767,33.81,-118.12,2.492
4.0061,30.0,5.3241525423728815,1.0084745762711864,1611.0,3.413135593220339,33.85,-117.97,1.829
4.4042,9.0,5.416452442159383,1.056555269922879,1138.0,2.9254498714652954,34.02,-117.65,1.591
2.2361,46.0,4.4,1.075,101.0,2.525,38.02,-121.82,0.938
1.9805,49.0,3.888675623800384,1.051823416506718,963.0,1.8483685220729367,37.87,-122.28,1.737
2.7813,30.0,4.38622754491018,1.1062874251497006,1661.0,2.4865269461077846,38.63,-121.39,1.189
3.0491,41.0,4.3383947939262475,1.052060737527115,1439.0,3.121475054229935,34.19,-118.39,1.92
2.098,21.0,5.110112359550562,1.1123595505617978,1157.0,2.6,38.65,-121.42,0.498
4.9028,14.0,6.372151898734177,1.008860759493671,2124.0,2.688607594936709,37.1,-121.63,3.35
4.1926,12.0,3.8909774436090228,1.1033834586466165,1216.0,2.2857142857142856,37.25,-121.81,2.445
2.59,52.0,4.38996138996139,1.162162162162162,866.0,3.3436293436293436,37.77,-122.22,0.964
6.1868,13.0,8.332326283987916,1.1268882175226587,2119.0,3.200906344410876,33.1,-117.05,3.202
1.2292,36.0,4.833333333333333,1.0555555555555556,285.0,3.1666666666666665,38.59,-121.55,0.696
2.3042,36.0,4.461538461538462,1.1418269230769231,822.0,1.9759615384615385,32.75,-117.24,2.206
5.1008,47.0,5.338144329896907,0.9587628865979382,1284.0,2.647422680412371,34.17,-118.32,2.471
2.9762,19.0,5.541850220264317,1.0837004405286343,545.0,2.4008810572687223,33.51,-117.67,1.844
3.1573,12.0,4.978303747534516,1.106508875739645,2209.0,2.178500986193294,37.96,-121.98,1.267
3.8869,10.0,7.104854368932039,1.2621359223300972,1476.0,2.8660194174757283,33.68,-117.23,1.259
8.8793,52.0,8.972868217054264,1.1317829457364341,861.0,3.3372093023255816,37.81,-122.23,4.103
5.0858,52.0,5.447688564476886,1.0291970802919708,832.0,2.024330900243309,34.06,-118.37,4.7
6.1986,17.0,6.778225806451613,1.0221774193548387,1520.0,3.064516129032258,34.04,-117.24,2.145
5.5842,5.0,6.92914653784219,0.9871175523349437,2206.0,3.5523349436392913,38.04,-121.35,1.591
3.6538,25.0,5.2224576271186445,1.2394067796610169,906.0,1.9194915254237288,33.6,-117.9,5.00001
3.8125,15.0,4.590570719602978,1.0942928039702233,1348.0,3.3449131513647643,37.95,-121.69,1.254
4.517,21.0,5.749303621169917,0.9526462395543176,1021.0,2.8440111420612815,38.03,-121.09,1.522
4.0977,50.0,4.788008565310492,1.0364025695931478,1171.0,2.507494646680942,37.76,-122.48,3.221
2.5969,34.0,3.618147448015123,1.0378071833648392,2122.0,4.0113421550094515,34.01,-118.08,1.502
2.8,34.0,4.553530751708428,0.9726651480637813,2391.0,5.446469248291572,34.28,-118.42,1.443
1.9832,26.0,4.92814371257485,1.06187624750499,1068.0,2.1317365269461077,34.16,-117.28,1.221
2.4821,30.0,6.477987421383648,1.0125786163522013,448.0,2.8176100628930816,39.52,-121.53,0.738
6.0266,24.0,6.672131147540983,1.1147540983606556,175.0,2.8688524590163933,38.35,-122.18,2.167
2.6619,25.0,4.090425531914893,1.1382978723404256,2868.0,3.8138297872340425,34.13,-117.9,1.176
3.1864,28.0,3.845061329890252,1.040671400903809,3571.0,2.305358295674629,37.47,-122.22,2.728
3.2258,10.0,5.604651162790698,1.1121751025991793,2082.0,2.848153214774282,33.6,-117.36,1.593
8.3912,25.0,7.843416370106762,1.0166073546856464,2519.0,2.9881376037959666,34.18,-118.66,4.19
3.6806,22.0,4.666666666666667,0.9629629629629629,196.0,2.419753086419753,33.76,-117.84,2.194
2.2165,32.0,4.395397489539749,1.0313807531380754,2309.0,2.4152719665271967,35.3,-120.67,2.317
2.1471,26.0,4.52924791086351,1.0445682451253482,1580.0,4.401114206128134,34.38,-119.86,1.875
2.8036,24.0,4.399759903961584,1.0444177671068426,1954.0,2.345738295318127,36.97,-121.97,2.285
1.7941,22.0,4.216145833333333,0.9375,1509.0,3.9296875,34.97,-120.44,1.103
2.4722,52.0,2.767871485943775,1.0923694779116466,1768.0,1.4200803212851405,34.06,-118.35,5.00001
3.8269,31.0,6.255892255892256,1.2356902356902357,701.0,2.3602693602693603,38.07,-122.84,2.707
5.0,24.0,4.492753623188406,0.9528985507246377,690.0,2.5,37.29,-121.96,2.83
6.1966,16.0,6.356495468277946,0.9516616314199395,2592.0,3.915407854984894,33.71,-117.9,2.605
1.9386,33.0,4.384418901660281,1.0025542784163475,1806.0,2.3065134099616857,36.79,-119.79,0.675
0.9338,35.0,5.30188679245283,1.6415094339622642,240.0,2.2641509433962264,38.67,-121.39,1.125
2.9832,22.0,4.718978102189781,1.0197080291970804,2694.0,1.9664233576642336,34.18,-119.2,1.656
5.9333,17.0,6.917748917748917,0.961038961038961,1581.0,3.4220779220779223,33.95,-117.55,2.294
6.348,34.0,4.989881956155143,1.0775716694772344,1143.0,1.9274873524451939,33.89,-118.41,5.00001
2.3482,17.0,3.879154078549849,1.0735146022155087,2986.0,3.0070493454179257,34.17,-118.29,2.554
1.9429,39.0,3.8534599728629577,0.994572591587517,2606.0,3.5359565807327002,37.49,-120.85,0.764
2.5147,11.0,22.133587786259543,5.82824427480916,713.0,2.7213740458015265,34.24,-116.82,0.847
2.25,17.0,3.860377358490566,1.0547169811320756,1585.0,2.990566037735849,32.58,-117.1,1.328
3.3155,21.0,4.503787878787879,1.0643939393939394,577.0,2.1856060606060606,33.81,-118.08,2.375
1.7778,30.0,3.447058823529412,1.0329411764705883,862.0,2.028235294117647,37.87,-122.27,2.688
2.5388,23.0,3.721448467966574,1.1030640668523677,1255.0,3.4958217270194987,34.14,-118.26,2.05
2.2976,32.0,3.2487046632124352,1.0336787564766838,1281.0,3.3186528497409324,33.93,-118.34,1.557
5.4322,35.0,6.903465346534653,1.1014851485148516,1156.0,2.8613861386138613,37.51,-122.3,3.91
5.5469,16.0,6.226396602417511,1.0058804312316236,10988.0,3.589676576282261,33.96,-117.88,2.652
4.8839,16.0,5.802486187845304,1.0856353591160222,1667.0,2.302486187845304,35.34,-119.07,1.341
5.0804,22.0,5.596923076923077,1.106153846153846,1329.0,2.0446153846153847,37.38,-122.11,5.00001
6.3842,17.0,7.933660933660934,0.995085995085995,1289.0,3.167076167076167,34.13,-117.66,3.071
4.2137,34.0,4.917710196779964,0.964221824686941,2330.0,4.168157423971378,34.17,-119.17,1.856
3.525,20.0,5.009478672985782,0.966824644549763,2389.0,2.830568720379147,36.96,-121.77,2.291
3.1832,9.0,6.288461538461538,1.0833333333333333,596.0,3.8205128205128207,33.67,-117.31,1.574
3.3472,31.0,5.607142857142857,1.0892857142857142,152.0,2.7142857142857144,33.04,-115.6,0.917
1.8519,52.0,2.654450261780105,1.1047120418848169,1055.0,2.761780104712042,37.78,-122.41,0.325
1.9472,40.0,5.026490066225166,1.099337748344371,1391.0,3.0706401766004414,33.93,-116.98,0.732
2.9405,24.0,3.7675879396984926,0.9874371859296482,2937.0,3.6896984924623117,34.08,-118.14,2.178
2.9485,29.0,5.37218045112782,1.0075187969924813,672.0,2.526315789473684,40.92,-124.0,0.988
4.3317,30.0,6.06203007518797,1.0432330827067668,1601.0,3.0093984962406015,32.83,-117.19,1.733
4.3438,16.0,5.9411764705882355,0.9584775086505191,903.0,3.124567474048443,36.3,-119.79,0.931
4.9286,39.0,4.898360655737705,0.9918032786885246,1466.0,2.40327868852459,33.93,-118.42,3.414
6.9794,15.0,8.593607305936073,1.0639269406392695,704.0,3.2146118721461185,32.95,-117.26,5.00001
3.6343,28.0,6.861003861003861,1.1853281853281854,721.0,2.7837837837837838,34.96,-117.08,0.798
6.3267,36.0,5.246628131021194,1.0539499036608864,1090.0,2.1001926782273603,33.96,-118.45,5.00001
6.4781,37.0,5.585657370517929,1.0119521912350598,722.0,2.8764940239043826,33.88,-118.32,2.69
3.115,23.0,6.648936170212766,1.3670212765957446,437.0,2.324468085106383,37.9,-122.71,2.426
4.8536,23.0,5.554455445544554,1.0297029702970297,1984.0,2.8062234794908063,34.37,-118.56,2.026
5.0232,30.0,6.2685589519650655,1.0262008733624455,1335.0,2.9148471615720526,34.25,-118.49,2.539
3.625,22.0,5.8545454545454545,1.1045454545454545,593.0,2.6954545454545453,38.39,-122.82,2.337
2.6607,9.0,3.876923076923077,1.0153846153846153,1311.0,2.241025641025641,38.46,-122.74,0.915
3.7125,26.0,4.915254237288136,1.1305084745762712,1090.0,1.847457627118644,34.15,-118.43,4.474
3.2121,37.0,4.617210682492582,1.0623145400593472,1304.0,1.9347181008902077,32.69,-117.18,3.208
2.3789,24.0,3.5848690591658583,1.0911736178467508,1685.0,1.6343355965082444,34.11,-118.29,2.667
4.7946,24.0,6.311233885819521,1.0368324125230202,4926.0,3.023941068139963,33.82,-117.84,2.512
2.6884,24.0,3.6370967741935485,1.0451612903225806,3985.0,3.213709677419355,34.08,-118.1,2.046
4.2431,15.0,5.217235188509874,0.9640933572710951,1886.0,3.385996409335727,37.81,-121.23,1.371
2.7143,34.0,3.55,0.9763157894736842,1716.0,4.515789473684211,33.79,-118.25,1.381
4.5417,45.0,6.395017793594306,1.0782918149466192,870.0,3.096085409252669,37.19,-121.8,4.345
4.66,36.0,6.0,1.0392857142857144,744.0,2.657142857142857,33.8,-118.11,2.448
6.4001,16.0,6.131661442006269,0.9780564263322884,671.0,2.103448275862069,34.14,-118.83,3.218
2.4375,39.0,4.844559585492228,1.0880829015544042,711.0,3.683937823834197,33.91,-118.26,1.019
2.5625,30.0,6.504424778761062,1.2123893805309736,421.0,3.725663716814159,35.76,-119.14,1.563
9.8892,40.0,8.24401913875598,0.9952153110047847,976.0,4.669856459330144,37.46,-122.2,5.00001
3.475,26.0,4.96643109540636,1.0812720848056536,1374.0,2.4275618374558303,33.84,-117.93,2.825
6.7274,5.0,5.910931174089069,0.9649122807017544,1913.0,2.5816464237516867,33.84,-117.77,2.664
2.9,46.0,4.6394366197183095,1.0591549295774647,854.0,2.4056338028169013,37.88,-122.3,1.448
2.7125,14.0,4.094262295081967,0.9508196721311475,1037.0,4.25,33.93,-117.94,1.661
1.6667,50.0,4.711678832116788,1.010948905109489,864.0,3.153284671532847,32.79,-115.57,0.681
2.7983,16.0,5.77725674091442,1.1254396248534584,2132.0,2.499413833528722,33.72,-117.07,1.125
3.3287,29.0,4.549295774647887,1.0704225352112675,1217.0,2.142605633802817,34.21,-118.23,2.734
5.2851,36.0,6.138571428571429,1.0242857142857142,2038.0,2.9114285714285715,33.94,-117.98,2.588
4.7986,24.0,5.701227830832196,1.0695770804911324,1902.0,2.5948158253751705,33.79,-117.94,2.365
2.9072,8.0,5.389845094664372,1.0735800344234079,6133.0,2.6389845094664373,34.54,-117.22,1.192
2.3365,22.0,6.468085106382978,1.1808510638297873,1076.0,3.8156028368794326,36.35,-119.45,0.696
15.0001,43.0,5.6875,0.75,58.0,3.625,37.46,-121.87,5.00001
3.6422,19.0,4.344202898550725,0.9094202898550725,730.0,2.6449275362318843,33.82,-117.96,2.094
6.6188,32.0,6.567368421052632,1.0252631578947369,2615.0,2.7526315789473683,33.75,-118.09,3.8
4.2917,8.0,7.164285714285715,1.1928571428571428,388.0,2.7714285714285714,33.62,-116.96,2.219
3.6974,10.0,4.348530901722391,1.089159067882472,2719.0,2.7548125633232017,34.18,-118.29,2.866
3.8864,29.0,5.16,1.1175,1265.0,3.1625,33.85,-118.01,2.093
3.755,40.0,3.876543209876543,1.0776014109347443,1023.0,1.8042328042328042,34.01,-118.48,3.983
3.0877,27.0,3.596100278551532,1.001392757660167,2038.0,2.838440111420613,34.18,-118.46,1.742
6.5378,34.0,6.696078431372549,0.9845938375350141,1879.0,2.6316526610644257,37.88,-122.06,3.409
4.2037,5.0,5.433093154915079,1.1286670097786928,9842.0,2.532681420483788,34.43,-118.43,1.946
3.8935,27.0,4.8406113537117905,1.1353711790393013,806.0,1.759825327510917,33.98,-118.46,5.00001
2.1667,23.0,4.023588879528222,1.1086773378264532,4797.0,4.041280539174389,34.11,-117.9,1.426
3.963,28.0,5.427893738140417,0.976280834914611,2672.0,2.5351043643263758,32.8,-116.98,1.644
3.925,14.0,4.874493927125506,0.9190283400809717,633.0,2.562753036437247,36.32,-119.34,0.838
3.6417,43.0,4.827651515151516,0.9678030303030303,1060.0,2.007575757575758,37.91,-122.31,1.784
2.3545,33.0,3.6277602523659307,1.2082018927444795,604.0,1.9053627760252365,33.43,-117.61,1.875
4.6667,4.0,5.858695652173913,0.8586956521739131,571.0,3.1032608695652173,32.72,-116.98,2.233
1.3125,13.0,3.4217252396166136,1.159744408945687,3806.0,3.0399361022364215,34.07,-118.45,3.5
3.2862,37.0,4.7497584541062805,1.0956521739130434,3533.0,3.413526570048309,33.93,-118.33,1.523
2.0571,24.0,3.5036086607858863,1.0850040096230955,3123.0,2.504410585404972,32.61,-117.06,1.523
4.6,21.0,5.386934673366834,1.0050251256281406,840.0,2.1105527638190953,38.01,-122.56,2.395
2.9821,36.0,5.571428571428571,1.054054054054054,680.0,2.6254826254826256,35.4,-118.98,0.731
1.7639,21.0,5.417607223476298,1.0948081264108351,1109.0,2.5033860045146725,41.81,-122.53,0.554
4.7308,44.0,5.950617283950617,1.02880658436214,721.0,2.9670781893004117,34.14,-118.03,3.522
5.9897,8.0,6.125,0.9435483870967742,711.0,2.8669354838709675,36.85,-119.77,1.236
4.0789,35.0,5.640198511166253,1.0173697270471465,1431.0,3.5508684863523574,34.2,-118.56,1.967
2.355,42.0,4.620352250489237,1.0019569471624266,1684.0,3.295499021526419,37.31,-120.48,0.756
2.7048,8.0,4.228404099560762,0.9692532942898975,2441.0,3.5739385065885796,32.59,-117.08,1.53
6.3054,14.0,7.03921568627451,0.9831932773109243,1151.0,3.224089635854342,33.3,-117.25,3.59
4.125,37.0,5.525,0.975,612.0,2.55,32.63,-117.06,1.602
2.9821,28.0,5.91480996068152,1.001310615989515,1593.0,2.0878112712975097,35.39,-119.03,1.187
3.5691,12.0,5.021335807050093,1.0383426097711812,8656.0,2.676561533704391,38.54,-121.35,1.163
3.6007,10.0,5.548076923076923,0.9583333333333334,1056.0,3.3846153846153846,34.44,-117.31,1.04
3.5234,52.0,4.5770750988142295,1.0,528.0,2.0869565217391304,33.99,-118.46,3.347
3.7933,25.0,4.648183556405353,1.0210325047801148,1702.0,3.254302103250478,33.93,-117.93,1.844
2.5,29.0,4.061594202898551,1.0543478260869565,762.0,2.760869565217391,33.87,-117.91,1.438
4.5556,17.0,8.79058327477161,1.7287420941672522,2737.0,1.9234012649332397,33.71,-116.38,2.581
5.6704,35.0,6.177304964539007,1.00354609929078,812.0,2.879432624113475,33.91,-118.37,3.037
1.75,45.0,4.205607476635514,1.0093457943925233,1798.0,2.4005340453938584,37.93,-122.37,0.379
4.5655,35.0,5.670807453416149,0.9834368530020704,1481.0,3.0662525879917184,34.1,-117.9,1.766
7.0735,14.0,8.056485355648535,1.1171548117154813,2052.0,4.292887029288703,37.38,-121.87,3.356
3.5313,34.0,5.7018867924528305,1.0264150943396226,773.0,2.9169811320754717,33.87,-117.58,1.421
3.0469,32.0,5.5625,1.0,1038.0,3.8161764705882355,36.56,-119.73,0.827
2.8024,16.0,3.5517241379310347,1.0392390011890607,4241.0,5.042806183115339,37.33,-121.85,1.279
3.8487,46.0,5.1152882205513786,1.0150375939849625,1059.0,2.654135338345865,37.8,-122.2,2.033
3.9803,35.0,5.201923076923077,1.060897435897436,1462.0,4.685897435897436,34.03,-117.96,1.526
3.9417,33.0,6.194895591647332,1.0092807424593968,1256.0,2.91415313225058,32.8,-117.14,1.798
4.4777,16.0,4.434782608695652,0.9335038363171355,962.0,2.4603580562659846,34.43,-119.88,2.825
2.7083,10.0,4.435185185185185,1.1574074074074074,355.0,3.287037037037037,37.72,-122.36,1.804
2.0938,39.0,5.59433962264151,1.1226415094339623,539.0,2.542452830188679,40.59,-124.15,0.796
2.4861,15.0,5.467924528301887,1.0452830188679245,649.0,2.449056603773585,36.94,-119.7,0.863
0.8658,52.0,3.7265625,0.9609375,943.0,3.68359375,34.12,-117.27,0.875
2.4866,37.0,4.518779342723005,1.0046948356807512,1344.0,3.1549295774647885,32.62,-117.09,1.297
1.0298,20.0,2.3984674329501914,0.8122605363984674,3574.0,13.693486590038313,35.32,-120.65,3.0
9.4664,45.0,7.593984962406015,1.0852130325814537,916.0,2.2957393483709274,34.06,-118.47,5.00001
3.7917,32.0,5.133709981167608,1.0470809792843692,1513.0,2.849340866290019,33.82,-117.96,1.974
3.8259,52.0,6.3156146179401995,1.1129568106312293,955.0,3.1727574750830563,36.97,-122.04,2.531
3.6563,13.0,5.563245823389021,1.107398568019093,1110.0,2.649164677804296,39.17,-120.93,1.649
3.375,46.0,4.6875,1.042763157894737,1140.0,3.75,33.97,-118.3,0.985
1.7333,19.0,5.425196850393701,1.125984251968504,355.0,2.795275590551181,40.45,-120.36,0.7
4.0223,34.0,4.0,1.0,1994.0,3.0676923076923077,37.39,-122.03,2.502
2.3068,12.0,4.145092460881934,1.0440967283072546,2104.0,2.992887624466572,32.72,-117.01,1.323
3.4784,32.0,5.223880597014926,0.9940298507462687,997.0,2.976119402985075,32.73,-117.03,1.544
2.3482,52.0,6.891891891891892,1.1783783783783783,627.0,3.389189189189189,38.28,-122.9,1.635
3.8393,35.0,5.5688775510204085,0.9770408163265306,976.0,2.489795918367347,37.72,-122.13,2.435
1.5227,35.0,3.036363636363636,1.0909090909090908,267.0,4.8545454545454545,34.0,-118.23,3.5
3.9041,36.0,5.098039215686274,1.0130718954248366,1441.0,2.354575163398693,34.18,-118.29,3.204
5.2442,26.0,6.367441860465116,0.9953488372093023,1316.0,3.0604651162790697,37.97,-121.98,2.132
2.76,26.0,5.520871143375681,1.08529945553539,1720.0,3.1215970961887476,34.01,-117.45,0.952
3.1042,7.0,5.493362831858407,1.0896017699115044,2431.0,2.689159292035398,37.5,-120.87,1.225
3.6094,52.0,5.171014492753623,1.0666666666666667,966.0,2.8,34.17,-118.13,2.615
2.5368,35.0,6.21078431372549,1.0392156862745099,710.0,3.480392156862745,32.8,-117.14,1.696
2.3716,52.0,3.9415730337078654,1.0157303370786517,1849.0,4.155056179775281,34.03,-118.2,1.228
2.4206,19.0,3.7196132596685083,1.089779005524862,1765.0,2.4378453038674035,37.7,-122.11,1.375
1.7165,30.0,4.345679012345679,1.0061728395061729,1184.0,3.654320987654321,36.54,-119.39,0.591
6.1321,27.0,6.708185053380783,1.019572953736655,1606.0,2.8576512455516014,34.13,-117.82,3.097
4.1674,10.0,3.9686323713927227,1.0439146800501882,1537.0,1.9284818067754077,37.28,-121.93,2.14
4.8021,28.0,7.033678756476684,1.1683937823834196,1154.0,2.989637305699482,37.0,-121.79,2.904
8.9172,34.0,7.107784431137724,0.9920159680638723,1336.0,2.6666666666666665,37.39,-122.12,5.00001
3.1333,34.0,4.35374149659864,0.9115646258503401,754.0,2.564625850340136,37.75,-121.43,1.32
2.75,24.0,3.5291073738680465,1.093143596377749,2023.0,2.617076326002587,33.92,-118.35,2.397
3.1645,37.0,6.345794392523365,1.0794392523364487,586.0,2.7383177570093458,37.52,-121.14,1.708
2.6852,33.0,5.312849162011173,1.0335195530726258,1168.0,3.2625698324022347,36.7,-120.0,0.708
10.0595,26.0,8.692307692307692,1.0769230769230769,573.0,3.1483516483516483,34.19,-118.9,5.00001
2.2308,34.0,4.235690235690235,1.0286195286195285,1317.0,2.217171717171717,32.75,-117.06,1.259
3.6016,21.0,5.387755102040816,1.0770975056689343,1175.0,2.6643990929705215,37.74,-121.13,1.346
2.2478,31.0,5.123809523809523,1.1,1259.0,2.9976190476190476,40.8,-124.13,0.811
3.125,12.0,5.786377708978328,1.1021671826625388,1007.0,3.1176470588235294,33.66,-117.22,1.172
2.9706,17.0,5.2902892561983474,1.0506198347107438,1470.0,1.5185950413223142,37.4,-122.0,0.813
2.3824,35.0,4.087591240875913,1.083941605839416,659.0,2.4051094890510947,38.44,-122.73,1.45
4.0417,52.0,6.452830188679245,1.0471698113207548,1301.0,2.4547169811320755,38.56,-121.45,1.738
5.6631,4.0,6.1311964219157655,1.0559075661572865,7985.0,2.9761461051062246,32.65,-116.97,2.334
2.0243,18.0,4.5293132328308205,1.169179229480737,1611.0,2.698492462311558,34.51,-117.31,0.823
5.966,48.0,4.13986013986014,0.8531468531468531,340.0,2.3776223776223775,37.69,-122.32,3.152
2.4632,41.0,5.309352517985611,1.0287769784172662,1086.0,3.906474820143885,33.89,-118.25,1.117
4.3229,18.0,5.398601398601398,0.951048951048951,825.0,2.8846153846153846,37.75,-121.52,3.273
4.6985,12.0,5.7020547945205475,1.0273972602739727,1577.0,2.7003424657534247,34.27,-118.8,2.641
3.6429,25.0,4.304232804232805,0.9920634920634921,735.0,1.9444444444444444,32.79,-117.25,3.171
2.6964,14.0,4.718693284936479,1.015426497277677,3221.0,2.922867513611615,37.65,-120.95,1.07
6.6633,10.0,6.289272030651341,1.053639846743295,2491.0,4.772030651340996,37.33,-121.79,2.837
1.6228,42.0,3.9416445623342176,1.1140583554376657,897.0,2.3793103448275863,33.84,-118.32,3.761
3.3542,44.0,5.7215189873417724,1.1139240506329113,358.0,2.2658227848101267,34.03,-118.42,3.442
4.6458,9.0,5.21479374110953,1.0113798008534851,2341.0,3.330014224751067,37.61,-121.99,2.17
5.7268,23.0,6.009009009009009,1.027027027027027,1560.0,2.810810810810811,33.99,-117.97,3.003
3.4375,26.0,3.910909090909091,1.0227272727272727,3320.0,3.018181818181818,37.69,-122.46,2.777
1.5174,43.0,4.609004739336493,0.9786729857819905,1492.0,3.5355450236966823,36.76,-119.77,0.546
3.8917,11.0,7.147163120567376,1.3581560283687943,1539.0,2.728723404255319,34.99,-118.61,1.208
5.103,34.0,5.90625,0.9744318181818182,1379.0,3.9176136363636362,33.84,-117.99,2.07
2.6364,36.0,4.02,1.1,1763.0,5.037142857142857,33.97,-118.14,1.5
3.0042,18.0,5.201453790238837,1.150571131879543,2948.0,3.0612668743509865,34.06,-117.25,1.065
1.3071,51.0,2.647294589178357,1.1022044088176353,781.0,1.565130260521042,32.72,-117.15,2.5
4.131,24.0,5.397163120567376,1.0673758865248226,2541.0,4.50531914893617,33.88,-117.51,1.238
4.6786,52.0,4.642228739002933,1.0175953079178885,935.0,2.7419354838709675,37.73,-122.43,2.632
1.4048,16.0,5.071823204419889,1.0497237569060773,1063.0,1.9576427255985267,39.78,-121.59,0.865
3.9643,27.0,4.42512077294686,1.002415458937198,1480.0,3.57487922705314,34.16,-119.18,1.86
5.1857,18.0,6.274074074074074,1.0222222222222221,1276.0,3.1506172839506172,38.8,-121.18,2.201
4.1528,15.0,6.19327731092437,0.9873949579831933,768.0,3.226890756302521,35.34,-119.08,1.301
6.6739,45.0,5.7926829268292686,1.0170731707317073,751.0,1.8317073170731708,34.13,-118.34,5.00001
3.1728,17.0,6.524271844660194,1.3171521035598706,1749.0,2.8300970873786406,38.01,-121.79,1.468
1.5256,36.0,4.897777777777778,1.0977777777777777,702.0,3.12,33.93,-118.26,0.954
2.5,29.0,6.333333333333333,1.1056910569105691,364.0,2.959349593495935,41.12,-120.96,0.592
10.2264,52.0,4.666666666666667,0.8888888888888888,37.0,1.3703703703703705,37.74,-122.39,2.25
3.5242,33.0,5.125641025641026,0.9435897435897436,1061.0,2.7205128205128206,37.75,-121.42,1.214
4.8269,25.0,5.351351351351352,0.8972972972972973,522.0,2.8216216216216217,37.0,-121.97,2.729
4.7098,52.0,5.955555555555556,1.094949494949495,1363.0,2.7535353535353537,34.17,-118.12,2.879
4.4167,28.0,4.282846715328467,1.1094890510948905,785.0,1.4324817518248176,34.09,-118.39,4.25
7.218,29.0,6.594230769230769,1.0076923076923077,1518.0,2.919230769230769,37.3,-122.0,4.007
3.6298,19.0,5.558320373250389,1.0404354587869362,1373.0,2.135303265940902,38.64,-121.28,2.421
3.1042,37.0,4.508264462809917,1.1115702479338843,905.0,3.739669421487603,34.07,-118.03,1.52
4.239,39.0,5.096774193548387,1.0496277915632755,1205.0,2.990074441687345,34.1,-118.19,2.13
3.599,43.0,5.451263537906137,1.1191335740072201,809.0,2.92057761732852,34.26,-118.3,1.765
2.1944,27.0,4.02,1.0342857142857143,1684.0,4.811428571428571,34.05,-117.64,0.957
4.25,43.0,4.176470588235294,0.9558823529411765,167.0,2.4558823529411766,33.82,-118.18,2.075
2.3889,44.0,4.933806146572104,1.0567375886524824,1270.0,3.0023640661938535,34.1,-117.37,0.861
2.9063,31.0,5.508710801393728,1.0418118466898956,776.0,2.7038327526132404,40.87,-121.67,0.778
2.9219,38.0,4.205882352941177,0.9950980392156863,1250.0,6.127450980392157,34.27,-118.41,1.379
7.2494,6.0,7.60075329566855,0.9887005649717514,3386.0,3.1883239171374766,37.71,-121.96,3.365
2.4375,52.0,5.019607843137255,0.9859943977591037,1049.0,2.9383753501400562,36.76,-119.81,0.571
2.9386,23.0,3.815136476426799,1.066997518610422,1584.0,1.965260545905707,33.74,-118.3,2.605
5.0761,35.0,6.1072507552870094,1.040785498489426,1832.0,2.7673716012084593,37.93,-122.08,2.332
4.065,6.0,6.347670250896058,1.050179211469534,935.0,3.3512544802867383,33.82,-117.08,1.482
2.6226,40.0,4.071216617210682,1.0504451038575668,2747.0,4.07566765578635,34.09,-118.18,1.488
2.875,22.0,16.883561643835616,3.691780821917808,381.0,2.6095890410958904,39.06,-120.13,0.875
3.7895,52.0,5.705882352941177,1.0784313725490196,704.0,2.3006535947712417,34.11,-118.15,3.648
3.2917,52.0,5.564245810055866,0.9636871508379888,948.0,2.64804469273743,33.96,-117.39,1.293
1.5885,30.0,2.318062827225131,1.031413612565445,2188.0,2.863874345549738,34.06,-118.27,1.542
2.3125,18.0,13.440677966101696,2.5084745762711864,186.0,3.152542372881356,39.0,-122.7,1.625
5.1629,20.0,6.178787878787879,1.1303030303030304,862.0,2.6121212121212123,37.73,-121.46,2.229
4.2224,6.0,6.3992673992674,1.0265567765567765,3660.0,3.3516483516483517,34.39,-117.27,1.257
6.8099,15.0,6.221590909090909,0.8977272727272727,361.0,2.0511363636363638,33.03,-117.07,3.282
4.5987,29.0,4.930894308943089,0.926829268292683,654.0,2.658536585365854,32.79,-117.2,2.556
4.4477,4.0,5.752631578947368,1.0252631578947369,2844.0,2.993684210526316,33.17,-117.06,1.748
5.8993,49.0,7.051724137931035,1.0123152709359606,1108.0,2.729064039408867,34.0,-118.34,3.133
1.1607,50.0,4.038461538461538,1.1076923076923078,485.0,1.8653846153846154,39.51,-121.55,0.517
4.8286,17.0,6.518672199170124,1.0235131396957122,2531.0,3.500691562932227,32.87,-116.96,1.585
3.2303,23.0,5.739478957915832,1.0100200400801602,1298.0,2.6012024048096194,38.13,-121.3,1.318
6.1527,40.0,5.472014925373134,1.0541044776119404,1077.0,2.0093283582089554,34.06,-118.42,5.00001
4.2679,26.0,5.627565982404692,1.0117302052785924,1326.0,3.8885630498533725,32.59,-117.05,1.319
1.775,40.0,2.6875,1.0653409090909092,700.0,1.9886363636363635,37.82,-122.27,1.125
3.625,36.0,5.108527131782946,1.0930232558139534,812.0,2.098191214470284,33.17,-117.35,1.98
4.125,41.0,3.3666666666666667,0.7666666666666667,85.0,2.8333333333333335,34.04,-118.39,2.375
2.0066,16.0,5.689567430025445,1.1145038167938932,1361.0,3.4631043256997454,37.2,-120.64,1.25
3.6728,25.0,2.671201814058957,1.2358276643990929,592.0,1.342403628117914,37.81,-122.41,5.00001
2.6442,23.0,4.1342592592592595,1.0324074074074074,1149.0,5.319444444444445,33.75,-117.92,1.563
3.5761,43.0,5.4880239520958085,1.062874251497006,786.0,2.3532934131736525,34.1,-118.06,2.567
4.1312,35.0,5.091787439613527,0.9855072463768116,1257.0,3.036231884057971,34.08,-117.92,1.852
3.5192,9.0,8.747474747474747,1.8451178451178452,796.0,2.68013468013468,38.61,-120.44,0.98
3.0,43.0,5.916334661354582,1.0756972111553784,653.0,2.601593625498008,38.44,-121.56,1.417
3.9107,26.0,5.186728395061729,1.1141975308641976,2709.0,4.180555555555555,33.75,-117.97,1.907
4.4261,16.0,5.619393939393939,1.1006060606060606,2341.0,2.8375757575757574,33.74,-117.98,3.047
3.6023,25.0,4.813953488372093,0.9534883720930233,87.0,2.0232558139534884,37.71,-121.02,1.313
3.1417,15.0,4.658823529411765,1.0549019607843138,1197.0,2.347058823529412,36.8,-119.73,0.746
3.3926,32.0,5.575438596491228,1.0637426900584794,4951.0,2.8953216374269006,38.6,-121.3,1.034
4.2578,36.0,5.258823529411765,1.1176470588235294,2886.0,33.95294117647059,33.94,-117.63,1.833
4.0568,52.0,5.176842105263158,1.0673684210526315,1012.0,2.130526315789474,37.75,-122.43,3.879
2.506,25.0,3.374717832957111,1.0474040632054176,5217.0,2.944130925507901,34.14,-118.25,1.845
3.8819,19.0,4.7552,1.076,2372.0,1.8976,34.17,-118.61,3.289
4.2667,32.0,3.6330150068212825,0.9017735334242838,1403.0,1.9140518417462482,37.46,-122.16,4.102
5.0,26.0,5.768072289156627,1.0210843373493976,2780.0,2.791164658634538,36.67,-121.68,2.023
5.1506,21.0,5.429790026246719,1.0275590551181102,3636.0,2.3858267716535435,37.33,-121.97,3.021
4.9904,5.0,7.843010752688172,1.2247311827956988,3123.0,3.358064516129032,34.6,-118.16,1.541
2.0,52.0,5.355685131195335,1.2419825072886297,1062.0,3.0962099125364433,33.98,-118.31,0.965
3.235,18.0,5.770259638080252,1.0479937057435091,3339.0,2.6270653029110935,38.7,-121.3,1.247
6.0824,3.0,5.0904467853251,1.0392299309843807,7205.0,2.6171449328005814,37.52,-122.07,2.735
5.0162,19.0,7.0534653465346535,1.0495049504950495,1607.0,3.1821782178217823,36.6,-121.7,2.831
4.2273,13.0,7.205438066465256,1.0845921450151057,1985.0,2.998489425981873,33.81,-117.43,2.952
3.9375,32.0,5.3,1.02,170.0,3.4,34.0,-117.88,1.875
4.665,14.0,7.4921875,1.109375,2047.0,3.1984375,36.92,-119.81,1.213
4.6953,18.0,7.051851851851852,1.2666666666666666,1027.0,2.5358024691358025,38.77,-122.85,2.417
3.3438,13.0,3.9222972972972974,0.9763513513513513,630.0,2.1283783783783785,33.69,-117.8,3.333
3.7301,52.0,5.147971360381861,0.9976133651551312,929.0,2.217183770883055,37.68,-121.76,2.044
1.7727,31.0,4.961937716262976,0.9792387543252595,811.0,2.8062283737024223,39.44,-121.55,0.49
2.6997,52.0,4.0627450980392155,1.0627450980392157,1623.0,2.1215686274509804,37.83,-122.28,1.269
4.7356,22.0,6.82875605815832,1.063004846526656,1849.0,2.987075928917609,33.99,-116.99,1.959
2.4297,35.0,3.6475095785440614,1.0383141762452108,949.0,3.636015325670498,33.93,-118.18,1.472
4.1419,45.0,5.32484076433121,1.0955414012738853,838.0,2.6687898089171975,37.75,-122.5,2.915
3.712,21.0,6.373333333333333,1.0566666666666666,1818.0,3.03,38.66,-121.3,1.39
2.6923,14.0,5.180628272251309,1.130890052356021,1756.0,4.596858638743456,37.38,-120.71,0.714
2.9479,22.0,5.222493887530562,1.136919315403423,1143.0,2.7946210268948657,34.6,-120.14,2.431
4.002,5.0,5.32306477093207,0.9881516587677726,4614.0,3.6445497630331753,34.63,-117.84,1.151
2.6371,30.0,3.4004796163069546,1.052757793764988,720.0,1.7266187050359711,33.77,-118.18,1.594
8.111,14.0,8.791044776119403,1.0626865671641792,1293.0,3.8597014925373134,33.64,-117.71,3.089
5.4051,27.0,5.747553816046967,0.9726027397260274,1454.0,2.8454011741682974,37.27,-121.99,2.735
2.25,30.0,5.861861861861862,1.1921921921921923,961.0,2.885885885885886,40.02,-122.18,0.682
1.9375,40.0,4.287846481876333,1.0554371002132197,1528.0,3.257995735607676,34.08,-117.31,0.699
3.05,17.0,8.32008830022075,2.0044150110375276,1160.0,2.5607064017660046,37.64,-118.98,1.889
11.4537,25.0,8.89763779527559,1.0275590551181102,719.0,2.8307086614173227,33.76,-117.78,5.00001
3.5833,52.0,5.15819209039548,1.0715630885122411,1312.0,2.470809792843691,37.77,-122.5,3.229
4.2721,18.0,5.795148247978437,1.0467205750224617,3716.0,3.338724168912848,33.87,-117.6,1.503
4.9118,26.0,6.391304347826087,1.1014492753623188,1597.0,3.3064182194616976,37.55,-122.03,2.173
7.9135,21.0,7.928571428571429,1.1114285714285714,856.0,2.4457142857142857,37.25,-121.97,4.964
2.5707,38.0,5.511494252873563,1.0459770114942528,745.0,2.1408045977011496,38.35,-122.0,1.26
3.6193,35.0,4.2519201228878645,1.1551459293394777,1277.0,1.9615975422427034,33.78,-118.15,2.5
7.1924,52.0,5.715942028985507,0.9478260869565217,755.0,2.1884057971014492,37.91,-122.56,5.00001
5.1669,44.0,5.220883534136546,1.0120481927710843,695.0,2.791164658634538,33.89,-118.32,2.206
2.0043,29.0,4.92332268370607,0.9297124600638977,1007.0,3.2172523961661343,36.71,-119.8,0.535
4.325,37.0,5.074380165289257,0.9793388429752066,572.0,2.3636363636363638,33.81,-118.13,2.239
1.4804,52.0,4.041958041958042,1.1235431235431235,731.0,1.7039627039627039,37.79,-122.45,4.25
3.1914,19.0,4.426656151419558,1.0417981072555205,3018.0,2.3801261829652995,36.98,-121.99,2.156
3.7,35.0,4.50997150997151,0.9230769230769231,1481.0,4.219373219373219,34.25,-118.44,1.76
2.9107,27.0,5.807339449541284,1.135321100917431,1305.0,2.993119266055046,34.06,-117.42,1.431
4.4732,36.0,5.7701492537313435,1.017910447761194,958.0,2.8597014925373134,33.96,-118.13,2.66
6.02,19.0,5.368794326241135,1.049645390070922,361.0,2.5602836879432624,33.87,-118.37,3.042
14.2959,52.0,8.172727272727272,0.8727272727272727,304.0,2.7636363636363637,37.79,-122.46,5.00001
4.8224,27.0,5.825072886297376,1.0291545189504374,970.0,2.82798833819242,38.67,-121.31,1.155
2.7763,30.0,4.231884057971015,1.0614216701173222,3147.0,2.1718426501035197,34.08,-117.88,1.878
3.7321,41.0,4.659217877094972,0.9273743016759777,603.0,3.368715083798883,33.89,-118.08,1.675
4.8237,38.0,5.699386503067485,1.0076687116564418,1784.0,2.736196319018405,37.71,-122.08,2.209
2.7031,10.0,4.507204610951009,1.144092219020173,643.0,1.8530259365994237,37.98,-121.33,1.5
4.2333,16.0,7.207619047619048,1.099047619047619,1615.0,3.0761904761904764,34.07,-117.03,2.203
5.373,36.0,5.375886524822695,0.9716312056737588,1232.0,2.9125295508274234,33.89,-118.34,2.445
2.625,47.0,4.963855421686747,1.3433734939759037,533.0,3.210843373493976,37.74,-122.16,0.982
2.8167,10.0,6.080078125,1.150390625,1508.0,2.9453125,37.19,-119.68,0.961
4.675,24.0,6.412735849056604,1.0235849056603774,1318.0,3.108490566037736,34.19,-118.95,2.288
4.2019,37.0,5.164658634538153,1.0240963855421688,1047.0,4.204819277108434,34.11,-117.9,1.401
2.8042,19.0,3.9358490566037734,1.0849056603773586,1701.0,3.209433962264151,34.41,-119.7,2.361
5.8864,13.0,5.23943661971831,0.971830985915493,800.0,2.2535211267605635,33.96,-118.43,5.00001
4.3036,35.0,5.699059561128527,1.0626959247648904,828.0,2.595611285266458,33.88,-118.32,2.821
5.2557,25.0,5.343373493975903,0.9623493975903614,2653.0,3.9954819277108435,34.02,-118.06,1.888
1.2387,42.0,4.248741188318228,1.1329305135951662,3549.0,3.5740181268882174,37.72,-122.42,2.128
3.1354,26.0,4.394611727416799,1.0792393026941363,1560.0,2.472266244057052,33.96,-118.35,1.643
3.1433,25.0,4.355450236966824,1.1658767772511849,1014.0,1.6018957345971565,34.01,-118.52,5.00001
2.6036,29.0,3.327698309492848,1.023407022106632,1886.0,2.4525357607282183,34.25,-118.28,1.621
3.7454,52.0,4.60377358490566,1.0075471698113208,488.0,1.8415094339622642,36.62,-121.91,2.438
9.2873,26.0,7.772805507745267,1.0516351118760758,1714.0,2.9500860585197937,34.29,-118.49,4.318
4.21,11.0,5.1649122807017545,0.9157894736842105,1012.0,3.550877192982456,33.2,-117.28,1.756
2.8348,8.0,3.7813370473537606,1.0445682451253482,2580.0,3.5933147632311977,36.91,-121.77,1.62
3.1384,46.0,5.627249357326479,1.0874035989717223,866.0,2.2262210796915167,33.95,-117.4,1.115
1.7212,39.0,4.584905660377358,1.030188679245283,1211.0,4.569811320754717,33.94,-118.24,0.955
3.4375,22.0,6.0,1.2394366197183098,461.0,3.2464788732394365,38.81,-122.66,0.833
7.2472,30.0,7.637931034482759,1.0454545454545454,1995.0,3.126959247648903,33.96,-117.97,4.419
4.075,18.0,5.733749349973999,1.0286011440457619,5407.0,2.811752470098804,34.1,-117.83,2.311
3.6641,32.0,5.614886731391586,1.0711974110032363,785.0,2.540453074433657,38.53,-122.46,2.758
3.2277,4.0,6.541910331384016,1.1695906432748537,3126.0,3.046783625730994,34.47,-117.54,1.265
4.175,47.0,5.344594594594595,1.0382882882882882,990.0,2.22972972972973,37.98,-121.3,0.983
5.5486,34.0,5.352697095435684,0.9128630705394191,867.0,3.5975103734439835,33.82,-117.98,2.181
4.625,49.0,5.478927203065134,1.0574712643678161,1178.0,2.256704980842912,37.98,-122.57,3.55
5.3363,16.0,4.529126213592233,0.883495145631068,1835.0,4.453883495145631,37.32,-121.84,2.128
3.7198,13.0,5.692156862745098,1.0,1844.0,3.615686274509804,34.13,-117.38,1.129
4.7375,45.0,5.2661498708010335,1.0180878552971577,1086.0,2.806201550387597,33.94,-118.41,2.896
2.375,52.0,4.289719626168225,1.0467289719626167,276.0,2.5794392523364484,34.27,-119.27,1.984
3.2216,48.0,4.853403141361256,0.9424083769633508,1126.0,2.9476439790575917,34.19,-118.15,1.616
4.6833,17.0,6.077961019490255,0.9805097451274363,2034.0,3.0494752623688157,37.61,-120.95,1.422
5.0056,30.0,3.0,0.875,74.0,4.625,34.17,-118.3,1.625
3.233,25.0,4.633587786259542,1.0729431721798135,3010.0,2.553011026293469,33.79,-118.16,1.991
2.7188,20.0,5.443946188340807,1.1076233183856503,504.0,2.2600896860986546,38.93,-122.89,1.057
2.1949,22.0,5.1937984496124034,1.246124031007752,1644.0,3.186046511627907,32.65,-116.45,1.271
2.8345,31.0,3.8949152542372882,1.1279661016949152,2048.0,1.735593220338983,37.82,-122.26,1.838
5.0464,17.0,6.0130151843817785,0.9739696312364425,1685.0,3.6550976138828633,33.87,-117.58,1.639
3.6815,17.0,4.765864332603939,1.0437636761487965,1077.0,2.3566739606126914,33.82,-118.03,2.453
4.8962,31.0,5.390692640692641,1.0432900432900434,2841.0,3.074675324675325,37.56,-122.03,2.202
1.2094,21.0,3.1817116060961315,1.032825322391559,1549.0,1.8159437280187574,33.96,-118.35,1.575
2.8311,41.0,4.377260981912145,1.0671834625322998,1222.0,3.157622739018088,33.98,-118.05,1.553
1.6948,30.0,5.370801033591731,1.0775193798449612,1885.0,2.4354005167958657,39.75,-122.18,0.675
5.1515,17.0,5.183839479392625,1.0363340563991323,5279.0,2.8627982646420826,34.02,-118.11,3.189
8.2266,28.0,9.163865546218487,1.1932773109243697,728.0,3.0588235294117645,37.36,-122.08,5.00001
2.4444,20.0,6.333333333333333,0.8666666666666667,31.0,2.066666666666667,37.88,-122.22,4.75
5.8527,22.0,6.309486780715397,0.9704510108864697,2204.0,3.4276827371695178,33.81,-118.04,2.41
2.8214,13.0,5.028616852146264,1.152623211446741,1675.0,2.662957074721781,33.2,-117.26,1.219
5.7519,27.0,7.331775700934579,1.1308411214953271,583.0,2.7242990654205608,37.66,-121.87,2.785
3.6042,34.0,5.538461538461538,1.0,621.0,2.985576923076923,32.79,-115.57,0.736
1.7169,36.0,4.706959706959707,0.989010989010989,706.0,2.586080586080586,37.58,-121.02,1.214
6.2096,14.0,5.365079365079365,0.9365079365079365,384.0,3.0476190476190474,33.18,-117.28,1.781
3.2303,17.0,4.783613445378151,0.9642857142857143,1149.0,2.4138655462184873,39.17,-121.02,1.495
2.7593,23.0,4.391117478510028,1.0358166189111748,2042.0,2.9255014326647566,34.34,-119.08,1.948
3.4318,31.0,5.199186991869919,1.0406504065040652,1164.0,2.3658536585365852,32.83,-117.22,2.004
1.3304,28.0,5.6453900709219855,1.0780141843971631,962.0,3.4113475177304964,36.7,-119.8,0.513
2.567,18.0,5.022556390977444,1.0018796992481203,1151.0,2.1635338345864663,39.79,-121.6,1.029
2.4922,31.0,5.011811023622047,1.031496062992126,686.0,2.7007874015748032,33.93,-117.43,1.094
7.9835,27.0,8.187817258883248,1.015228426395939,497.0,2.5228426395939088,34.09,-118.43,5.00001
3.6118,34.0,5.459363957597173,1.047703180212014,1588.0,2.8056537102473498,38.0,-121.79,1.247
3.901,37.0,5.154213036565978,1.109697933227345,1080.0,1.7170111287758347,33.76,-118.14,4.325
9.1415,5.0,7.2052980132450335,0.9757174392935982,1607.0,3.5474613686534218,37.54,-122.26,5.00001
6.0804,42.0,5.244274809160306,1.0076335877862594,907.0,2.3078880407124682,34.01,-118.44,4.2
3.7847,52.0,4.739307535641548,1.1303462321792261,1048.0,2.134419551934827,34.09,-118.27,2.523
3.9038,49.0,4.5724907063197024,1.037174721189591,669.0,2.486988847583643,34.04,-118.39,3.083
1.84,45.0,3.9836065573770494,1.0585480093676816,1484.0,3.4754098360655736,33.99,-118.3,0.914
2.0958,52.0,4.735955056179775,1.0589887640449438,982.0,2.758426966292135,34.0,-118.3,1.164
6.6916,2.0,9.769983686786297,1.4404567699836868,1787.0,2.9151712887438825,34.38,-118.61,3.295
2.0893,41.0,3.369565217391304,0.9420289855072463,349.0,2.528985507246377,34.06,-117.65,1.125
3.175,18.0,5.6272965879265096,1.1023622047244095,985.0,2.5853018372703414,38.4,-120.66,1.185
3.4187,17.0,10.053140096618357,2.3357487922705316,889.0,2.1473429951690823,39.01,-122.75,2.005
4.2404,52.0,4.442477876106195,1.0221238938053097,590.0,2.6106194690265485,34.05,-118.38,3.51
6.992,22.0,6.529202279202279,0.9779202279202279,4319.0,3.076210826210826,37.55,-122.03,2.848
4.0227,10.0,6.346846846846847,1.117117117117117,782.0,3.5225225225225225,38.03,-121.3,1.077
2.6818,39.0,4.032894736842105,1.0328947368421053,1528.0,3.3508771929824563,37.32,-121.87,1.849
3.1513,35.0,4.756207674943567,1.0835214446952597,2241.0,5.058690744920993,33.93,-118.05,1.5
9.3125,27.0,6.2330827067669174,0.8571428571428571,383.0,2.8796992481203008,33.9,-117.91,2.935
6.3178,19.0,6.426829268292683,1.0414634146341464,1497.0,3.651219512195122,37.23,-121.81,2.48
6.1008,37.0,7.157439446366782,1.1003460207612457,1569.0,2.7145328719723185,37.39,-121.82,2.862
2.7308,45.0,4.312267657992565,1.0185873605947955,1095.0,4.070631970260223,33.8,-118.21,1.39
3.6563,40.0,4.405194805194805,0.9662337662337662,835.0,2.168831168831169,34.17,-118.39,2.224
3.6719,46.0,4.296774193548387,1.0612903225806452,746.0,2.4064516129032256,34.43,-119.72,3.574
4.8214,21.0,6.690355329949239,1.0253807106598984,618.0,3.1370558375634516,37.32,-120.45,1.178
3.6296,16.0,3.616842105263158,0.9831578947368421,896.0,1.8863157894736842,34.2,-118.61,1.609
3.7431,19.0,6.240208877284595,1.1240208877284594,3043.0,3.9725848563968666,33.93,-117.46,1.328
4.125,52.0,5.371663244353183,0.971252566735113,1085.0,2.2279260780287475,37.89,-122.28,2.709
4.35,21.0,5.93687707641196,0.9667774086378738,988.0,3.2823920265780733,38.47,-121.43,0.962
1.0714,36.0,2.7995495495495497,1.0585585585585586,1668.0,3.7567567567567566,34.05,-118.22,1.375
1.4274,22.0,3.992248062015504,1.054263565891473,1367.0,2.1193798449612404,38.01,-121.31,0.905
6.8419,16.0,6.822517591868648,1.0297107114933541,3789.0,2.962470680218921,34.39,-118.55,3.233
3.0526,28.0,8.13076923076923,1.9153846153846155,288.0,2.2153846153846155,36.16,-121.39,1.469
5.5777,21.0,7.51831750339213,1.0529172320217097,2214.0,3.004070556309362,37.94,-122.03,2.793
2.3929,31.0,3.7445054945054945,1.1758241758241759,1897.0,5.211538461538462,33.97,-118.16,1.911
2.3658,17.0,4.073093220338983,1.1133474576271187,3102.0,3.2860169491525424,32.78,-117.17,1.641
